{
    "markers": [{
        "lat": 49.4763228757454,
        "lng": 6.35893821716309,
        "html": "<div class=\"contenupopup\"><div title=\"Zoomer et centrer\" class=\"loupe\"><a href=\"javascript: centeretzoom(49.4763228757454,6.35893821716309)\"><img  src=\"/imagesite/loupe.jpg\" border=\"0\"></a></div><img src=\"http://www2.pch.etat.lu/info_trafic/cameras/images/cccam_268.jpg\" height=\"119\" width=\"159\"><br><div class=\"titrepopup2\">Schengen</div><div class=\"localitepopup2\">Allemagne</div></div>",
        "cam": 268,
        "titre": "Schengen",
        "localite": "Allemagne",
        "label": "Camera 268-Schengen,Allemagne"
    },
    {
        "lat": 49.4751517014194,
        "lng": 6.3585090637207,
        "html": "<div class=\"contenupopup\"><div title=\"Zoomer et centrer\" class=\"loupe\"><a href=\"javascript: centeretzoom(49.4751517014194,6.3585090637207)\"><img  src=\"/imagesite/loupe.jpg\" border=\"0\"></a></div><img src=\"http://www2.pch.etat.lu/info_trafic/cameras/images/cccam_236.jpg\" height=\"119\" width=\"159\"><br><div class=\"titrepopup2\">Mondorf</div><div class=\"localitepopup2\">Tunnel Markusbierg</div></div>",
        "cam": 236,
        "titre": "Mondorf",
        "localite": "Tunnel Markusbierg",
        "label": "Camera 236-Mondorf,Tunnel Markusbierg"
    },
    {
        "lat": 49.4812861132237,
        "lng": 6.33898258209229,
        "html": "<div class=\"contenupopup\"><div title=\"Zoomer et centrer\" class=\"loupe\"><a href=\"javascript: centeretzoom(49.4812861132237,6.33898258209229)\"><img  src=\"/imagesite/loupe.jpg\" border=\"0\"></a></div><img src=\"http://www2.pch.etat.lu/info_trafic/cameras/images/cccam_237.jpg\" height=\"119\" width=\"159\"><br><div class=\"titrepopup2\">Tunnel Markusbierg</div><div class=\"localitepopup2\">Mondorf</div></div>",
        "cam": 237,
        "titre": "Tunnel Markusbierg",
        "localite": "Mondorf",
        "label": "Camera 237-Tunnel Markusbierg,Mondorf"
    },
    {
        "lat": 49.5179092825094,
        "lng": 6.25628471374512,
        "html": "<div class=\"contenupopup\"><div title=\"Zoomer et centrer\" class=\"loupe\"><a href=\"javascript: centeretzoom(49.5179092825094,6.25628471374512)\"><img  src=\"/imagesite/loupe.jpg\" border=\"0\"></a></div><img src=\"http://www2.pch.etat.lu/info_trafic/cameras/images/cccam_231.jpg\" height=\"119\" width=\"159\"><br><div class=\"titrepopup2\">Mondorf</div><div class=\"localitepopup2\">Altwies</div></div>",
        "cam": 231,
        "titre": "Mondorf",
        "localite": "Altwies",
        "label": "Camera 231-Mondorf,Altwies"
    },
    {
        "lat": 49.5150673692816,
        "lng": 6.28632545471191,
        "html": "<div class=\"contenupopup\"><div title=\"Zoomer et centrer\" class=\"loupe\"><a href=\"javascript: centeretzoom(49.5150673692816,6.28632545471191)\"><img  src=\"/imagesite/loupe.jpg\" border=\"0\"></a></div><img src=\"http://www2.pch.etat.lu/info_trafic/cameras/images/cccam_230.jpg\" height=\"119\" width=\"159\"><br><div class=\"titrepopup2\">Altwies</div><div class=\"localitepopup2\">Mondorf</div></div>",
        "cam": 230,
        "titre": "Altwies",
        "localite": "Mondorf",
        "label": "Camera 230-Altwies,Mondorf"
    },
    {
        "lat": 49.510107556526,
        "lng": 6.21590137481689,
        "html": "<div class=\"contenupopup\"><div title=\"Zoomer et centrer\" class=\"loupe\"><a href=\"javascript: centeretzoom(49.510107556526,6.21590137481689)\"><img  src=\"/imagesite/loupe.jpg\" border=\"0\"></a></div><img src=\"http://www2.pch.etat.lu/info_trafic/cameras/images/cccam_215.jpg\" height=\"119\" width=\"159\"><br><div class=\"titrepopup2\">Altwies</div><div class=\"localitepopup2\">Frisange</div></div>",
        "cam": 215,
        "titre": "Altwies",
        "localite": "Frisange",
        "label": "Camera 215-Altwies,Frisange"
    },
    {
        "lat": 49.5074811598855,
        "lng": 6.18813514709473,
        "html": "<div class=\"contenupopup\"><div title=\"Zoomer et centrer\" class=\"loupe\"><a href=\"javascript: centeretzoom(49.5074811598855,6.18813514709473)\"><img  src=\"/imagesite/loupe.jpg\" border=\"0\"></a></div><img src=\"http://www2.pch.etat.lu/info_trafic/cameras/images/cccam_204.jpg\" height=\"119\" width=\"159\"><br><div class=\"titrepopup2\">Hellange</div><div class=\"localitepopup2\">Frisange</div></div>",
        "cam": 204,
        "titre": "Hellange",
        "localite": "Frisange",
        "label": "Camera 204-Hellange,Frisange"
    },
    {
        "lat": 49.4999913235572,
        "lng": 6.12706661224365,
        "html": "<div class=\"contenupopup\"><div title=\"Zoomer et centrer\" class=\"loupe\"><a href=\"javascript: centeretzoom(49.4999913235572,6.12706661224365)\"><img  src=\"/imagesite/loupe.jpg\" border=\"0\"></a></div><img src=\"http://www2.pch.etat.lu/info_trafic/cameras/images/cccam_200.jpg\" height=\"119\" width=\"159\"><br><div class=\"titrepopup2\">Hellange</div><div class=\"localitepopup2\">Croix de Bettembourg</div></div>",
        "cam": 200,
        "titre": "Hellange",
        "localite": "Croix de Bettembourg",
        "label": "Camera 200-Hellange,Croix de Bettembourg"
    },
    {
        "lat": 49.4904165983924,
        "lng": 6.11674547195435,
        "html": "<div class=\"contenupopup\"><div title=\"Zoomer et centrer\" class=\"loupe\"><a href=\"javascript: centeretzoom(49.4904165983924,6.11674547195435)\"><img  src=\"/imagesite/loupe.jpg\" border=\"0\"></a></div><img src=\"http://www2.pch.etat.lu/info_trafic/cameras/images/cccam_167.jpg\" height=\"119\" width=\"159\"><br><div class=\"titrepopup2\">Croix de Bettembourg</div><div class=\"localitepopup2\">Dudelange</div></div>",
        "cam": 167,
        "titre": "Croix de Bettembourg",
        "localite": "Dudelange",
        "label": "Camera 167-Croix de Bettembourg,Dudelange"
    },
    {
        "lat": 49.4998798382641,
        "lng": 6.08904361724854,
        "html": "<div class=\"contenupopup\"><div title=\"Zoomer et centrer\" class=\"loupe\"><a href=\"javascript: centeretzoom(49.4998798382641,6.08904361724854)\"><img  src=\"/imagesite/loupe.jpg\" border=\"0\"></a></div><img src=\"http://www2.pch.etat.lu/info_trafic/cameras/images/cccam_164.jpg\" height=\"119\" width=\"159\"><br><div class=\"titrepopup2\">Dudelange</div><div class=\"localitepopup2\">Croix de Bettembourg</div></div>",
        "cam": 164,
        "titre": "Dudelange",
        "localite": "Croix de Bettembourg",
        "label": "Camera 164-Dudelange,Croix de Bettembourg"
    },
    {
        "lat": 49.499329375907,
        "lng": 6.05515122413635,
        "html": "<div class=\"contenupopup\"><div title=\"Zoomer et centrer\" class=\"loupe\"><a href=\"javascript: centeretzoom(49.499329375907,6.05515122413635)\"><img  src=\"/imagesite/loupe.jpg\" border=\"0\"></a></div><img src=\"http://www2.pch.etat.lu/info_trafic/cameras/images/cccam_162.jpg\" height=\"119\" width=\"159\"><br><div class=\"titrepopup2\">Kayl</div><div class=\"localitepopup2\">Dudelange</div></div>",
        "cam": 162,
        "titre": "Kayl",
        "localite": "Dudelange",
        "label": "Camera 162-Kayl,Dudelange"
    },
    {
        "lat": 49.505067119254,
        "lng": 6.04055464267731,
        "html": "<div class=\"contenupopup\"><div title=\"Zoomer et centrer\" class=\"loupe\"><a href=\"javascript: centeretzoom(49.505067119254,6.04055464267731)\"><img  src=\"/imagesite/loupe.jpg\" border=\"0\"></a></div><img src=\"http://www2.pch.etat.lu/info_trafic/cameras/images/cccam_161.jpg\" height=\"119\" width=\"159\"><br><div class=\"titrepopup2\">Kayl</div><div class=\"localitepopup2\">Schifflange</div></div>",
        "cam": 161,
        "titre": "Kayl",
        "localite": "Schifflange",
        "label": "Camera 161-Kayl,Schifflange"
    },
    {
        "lat": 49.5132005324933,
        "lng": 5.97898721694946,
        "html": "<div class=\"contenupopup\"><div title=\"Zoomer et centrer\" class=\"loupe\"><a href=\"javascript: centeretzoom(49.5132005324933,5.97898721694946)\"><img  src=\"/imagesite/loupe.jpg\" border=\"0\"></a></div><img src=\"http://www2.pch.etat.lu/info_trafic/cameras/images/cccam_142.jpg\" height=\"119\" width=\"159\"><br><div class=\"titrepopup2\">Jonction Lankelz</div><div class=\"localitepopup2\">Tunnel Ehlerange</div></div>",
        "cam": 142,
        "titre": "Jonction Lankelz",
        "localite": "Tunnel Ehlerange",
        "label": "Camera 142-Jonction Lankelz,Tunnel Ehlerange"
    },
    {
        "lat": 49.5276875455571,
        "lng": 5.96561908721924,
        "html": "<div class=\"contenupopup\"><div title=\"Zoomer et centrer\" class=\"loupe\"><a href=\"javascript: centeretzoom(49.5276875455571,5.96561908721924)\"><img  src=\"/imagesite/loupe.jpg\" border=\"0\"></a></div><img src=\"http://www2.pch.etat.lu/info_trafic/cameras/images/cccam_151.jpg\" height=\"119\" width=\"159\"><br><div class=\"titrepopup2\">Tunnel Aessen</div><div class=\"localitepopup2\">Tunnel Ehlerange</div></div>",
        "cam": 151,
        "titre": "Tunnel Aessen",
        "localite": "Tunnel Ehlerange",
        "label": "Camera 151-Tunnel Aessen,Tunnel Ehlerange"
    },
    {
        "lat": 49.5326595019051,
        "lng": 5.93130826950073,
        "html": "<div class=\"contenupopup\"><div title=\"Zoomer et centrer\" class=\"loupe\"><a href=\"javascript: centeretzoom(49.5326595019051,5.93130826950073)\"><img  src=\"/imagesite/loupe.jpg\" border=\"0\"></a></div><img src=\"http://www2.pch.etat.lu/info_trafic/cameras/images/cccam_147.jpg\" height=\"119\" width=\"159\"><br><div class=\"titrepopup2\">Differdange</div><div class=\"localitepopup2\">Tunnel Aessen</div></div>",
        "cam": 147,
        "titre": "Differdange",
        "localite": "Tunnel Aessen",
        "label": "Camera 147-Differdange,Tunnel Aessen"
    },
    {
        "lat": 49.6401499045331,
        "lng": 5.88219165802002,
        "html": "<div class=\"contenupopup\"><div title=\"Zoomer et centrer\" class=\"loupe\"><a href=\"javascript: centeretzoom(49.6401499045331,5.88219165802002)\"><img  src=\"/imagesite/loupe.jpg\" border=\"0\"></a></div><img src=\"http://www2.pch.etat.lu/info_trafic/cameras/images/cccam_3.jpg\" height=\"119\" width=\"159\"><br><div class=\"titrepopup2\">Steinfort</div><div class=\"localitepopup2\">Belgique</div></div>",
        "cam": 3,
        "titre": "Steinfort",
        "localite": "Belgique",
        "label": "Camera 3-Steinfort,Belgique"
    },
    {
        "lat": 49.6366202713283,
        "lng": 5.94085693359375,
        "html": "<div class=\"contenupopup\"><div title=\"Zoomer et centrer\" class=\"loupe\"><a href=\"javascript: centeretzoom(49.6366202713283,5.94085693359375)\"><img  src=\"/imagesite/loupe.jpg\" border=\"0\"></a></div><img src=\"http://www2.pch.etat.lu/info_trafic/cameras/images/cccam_6.jpg\" height=\"119\" width=\"159\"><br><div class=\"titrepopup2\">Steinfort</div><div class=\"localitepopup2\">Mamer</div></div>",
        "cam": 6,
        "titre": "Steinfort",
        "localite": "Mamer",
        "label": "Camera 6-Steinfort,Mamer"
    },
    {
        "lat": 49.6389965485953,
        "lng": 6.01080894470215,
        "html": "<div class=\"contenupopup\"><div title=\"Zoomer et centrer\" class=\"loupe\"><a href=\"javascript: centeretzoom(49.6389965485953,6.01080894470215)\"><img  src=\"/imagesite/loupe.jpg\" border=\"0\"></a></div><img src=\"http://www2.pch.etat.lu/info_trafic/cameras/images/cccam_17.jpg\" height=\"119\" width=\"159\"><br><div class=\"titrepopup2\">Mamer</div><div class=\"localitepopup2\">Bridel</div></div>",
        "cam": 17,
        "titre": "Mamer",
        "localite": "Bridel",
        "label": "Camera 17-Mamer,Bridel"
    },
    {
        "lat": 49.6050506451143,
        "lng": 6.08046054840088,
        "html": "<div class=\"contenupopup\"><div title=\"Zoomer et centrer\" class=\"loupe\"><a href=\"javascript: centeretzoom(49.6050506451143,6.08046054840088)\"><img  src=\"/imagesite/loupe.jpg\" border=\"0\"></a></div><img src=\"http://www2.pch.etat.lu/info_trafic/cameras/images/cccam_27.jpg\" height=\"119\" width=\"159\"><br><div class=\"titrepopup2\">Croix de Cessange</div><div class=\"localitepopup2\">Bertrange</div></div>",
        "cam": 27,
        "titre": "Croix de Cessange",
        "localite": "Bertrange",
        "label": "Camera 27-Croix de Cessange,Bertrange"
    },
    {
        "lat": 49.5911290484523,
        "lng": 6.08290672302246,
        "html": "<div class=\"contenupopup\"><div title=\"Zoomer et centrer\" class=\"loupe\"><a href=\"javascript: centeretzoom(49.5911290484523,6.08290672302246)\"><img  src=\"/imagesite/loupe.jpg\" border=\"0\"></a></div><img src=\"http://www2.pch.etat.lu/info_trafic/cameras/images/cccam_30.jpg\" height=\"119\" width=\"159\"><br><div class=\"titrepopup2\">Bertrange</div><div class=\"localitepopup2\">Croix de Cessange</div></div>",
        "cam": 30,
        "titre": "Bertrange",
        "localite": "Croix de Cessange",
        "label": "Camera 30-Bertrange,Croix de Cessange"
    },
    {
        "lat": 49.5832764053839,
        "lng": 6.09100699424744,
        "html": "<div class=\"contenupopup\"><div title=\"Zoomer et centrer\" class=\"loupe\"><a href=\"javascript: centeretzoom(49.5832764053839,6.09100699424744)\"><img  src=\"/imagesite/loupe.jpg\" border=\"0\"></a></div><img src=\"http://www2.pch.etat.lu/info_trafic/cameras/images/cccam_37.jpg\" height=\"119\" width=\"159\"><br><div class=\"titrepopup2\">Croix de Cessange</div><div class=\"localitepopup2\">Croix de Gasperich</div></div>",
        "cam": 37,
        "titre": "Croix de Cessange",
        "localite": "Croix de Gasperich",
        "label": "Camera 37-Croix de Cessange,Croix de Gasperich"
    },
    {
        "lat": 49.5125039333481,
        "lng": 5.97403049468994,
        "html": "<div class=\"contenupopup\"><div title=\"Zoomer et centrer\" class=\"loupe\"><a href=\"javascript: centeretzoom(49.5125039333481,5.97403049468994)\"><img  src=\"/imagesite/loupe.jpg\" border=\"0\"></a></div><img src=\"http://www2.pch.etat.lu/info_trafic/cameras/images/cccam_140.jpg\" height=\"119\" width=\"159\"><br><div class=\"titrepopup2\">Jonction Lankelz</div><div class=\"localitepopup2\">Esch</div></div>",
        "cam": 140,
        "titre": "Jonction Lankelz",
        "localite": "Esch",
        "label": "Camera 140-Jonction Lankelz,Esch"
    },
    {
        "lat": 49.5149768154101,
        "lng": 5.99200129508972,
        "html": "<div class=\"contenupopup\"><div title=\"Zoomer et centrer\" class=\"loupe\"><a href=\"javascript: centeretzoom(49.5149768154101,5.99200129508972)\"><img  src=\"/imagesite/loupe.jpg\" border=\"0\"></a></div><img src=\"http://www2.pch.etat.lu/info_trafic/cameras/images/cccam_139.jpg\" height=\"119\" width=\"159\"><br><div class=\"titrepopup2\">Esch</div><div class=\"localitepopup2\">Jonction Lankelz</div></div>",
        "cam": 139,
        "titre": "Esch",
        "localite": "Jonction Lankelz",
        "label": "Camera 139-Esch,Jonction Lankelz"
    },
    {
        "lat": 49.5219768317326,
        "lng": 6.00398540496826,
        "html": "<div class=\"contenupopup\"><div title=\"Zoomer et centrer\" class=\"loupe\"><a href=\"javascript: centeretzoom(49.5219768317326,6.00398540496826)\"><img  src=\"/imagesite/loupe.jpg\" border=\"0\"></a></div><img src=\"http://www2.pch.etat.lu/info_trafic/cameras/images/cccam_137.jpg\" height=\"119\" width=\"159\"><br><div class=\"titrepopup2\">Jonction de Foetz</div><div class=\"localitepopup2\">Esch</div></div>",
        "cam": 137,
        "titre": "Jonction de Foetz",
        "localite": "Esch",
        "label": "Camera 137-Jonction de Foetz,Esch"
    },
    {
        "lat": 49.5313086282265,
        "lng": 6.01638793945312,
        "html": "<div class=\"contenupopup\"><div title=\"Zoomer et centrer\" class=\"loupe\"><a href=\"javascript: centeretzoom(49.5313086282265,6.01638793945312)\"><img  src=\"/imagesite/loupe.jpg\" border=\"0\"></a></div><img src=\"http://www2.pch.etat.lu/info_trafic/cameras/images/cccam_133.jpg\" height=\"119\" width=\"159\"><br><div class=\"titrepopup2\">Jonction de Foetz</div><div class=\"localitepopup2\">Pontpierre</div></div>",
        "cam": 133,
        "titre": "Jonction de Foetz",
        "localite": "Pontpierre",
        "label": "Camera 133-Jonction de Foetz,Pontpierre"
    },
    {
        "lat": 49.548456381601,
        "lng": 6.04509830474854,
        "html": "<div class=\"contenupopup\"><div title=\"Zoomer et centrer\" class=\"loupe\"><a href=\"javascript: centeretzoom(49.548456381601,6.04509830474854)\"><img  src=\"/imagesite/loupe.jpg\" border=\"0\"></a></div><img src=\"http://www2.pch.etat.lu/info_trafic/cameras/images/cccam_125.jpg\" height=\"119\" width=\"159\"><br><div class=\"titrepopup2\">Pontpierre</div><div class=\"localitepopup2\">Leudelange</div></div>",
        "cam": 125,
        "titre": "Pontpierre",
        "localite": "Leudelange",
        "label": "Camera 125-Pontpierre,Leudelange"
    },
    {
        "lat": 49.5800209090629,
        "lng": 6.08813166618347,
        "html": "<div class=\"contenupopup\"><div title=\"Zoomer et centrer\" class=\"loupe\"><a href=\"javascript: centeretzoom(49.5800209090629,6.08813166618347)\"><img  src=\"/imagesite/loupe.jpg\" border=\"0\"></a></div><img src=\"http://www2.pch.etat.lu/info_trafic/cameras/images/cccam_122.jpg\" height=\"119\" width=\"159\"><br><div class=\"titrepopup2\">Croix de Cessange</div><div class=\"localitepopup2\">Leudelange</div></div>",
        "cam": 122,
        "titre": "Croix de Cessange",
        "localite": "Leudelange",
        "label": "Camera 122-Croix de Cessange,Leudelange"
    },
    {
        "lat": 49.5810469703395,
        "lng": 6.08756303787231,
        "html": "<div class=\"contenupopup\"><div title=\"Zoomer et centrer\" class=\"loupe\"><a href=\"javascript: centeretzoom(49.5810469703395,6.08756303787231)\"><img  src=\"/imagesite/loupe.jpg\" border=\"0\"></a></div><img src=\"http://www2.pch.etat.lu/info_trafic/cameras/images/cccam_120.jpg\" height=\"119\" width=\"159\"><br><div class=\"titrepopup2\">Leudelange</div><div class=\"localitepopup2\">Croix de Cessange</div></div>",
        "cam": 120,
        "titre": "Leudelange",
        "localite": "Croix de Cessange",
        "label": "Camera 120-Leudelange,Croix de Cessange"
    },
    {
        "lat": 49.5905587484774,
        "lng": 6.08831405639648,
        "html": "<div class=\"contenupopup\"><div title=\"Zoomer et centrer\" class=\"loupe\"><a href=\"javascript: centeretzoom(49.5905587484774,6.08831405639648)\"><img  src=\"/imagesite/loupe.jpg\" border=\"0\"></a></div><img src=\"http://www2.pch.etat.lu/info_trafic/cameras/images/cccam_31.jpg\" height=\"119\" width=\"159\"><br><div class=\"titrepopup2\">Luxembourg</div><div class=\"localitepopup2\">Croix de Cessange</div></div>",
        "cam": 31,
        "titre": "Luxembourg",
        "localite": "Croix de Cessange",
        "label": "Camera 31-Luxembourg,Croix de Cessange"
    },
    {
        "lat": 49.600392011776,
        "lng": 6.10029816627502,
        "html": "<div class=\"contenupopup\"><div title=\"Zoomer et centrer\" class=\"loupe\"><a href=\"javascript: centeretzoom(49.600392011776,6.10029816627502)\"><img  src=\"/imagesite/loupe.jpg\" border=\"0\"></a></div><img src=\"http://www2.pch.etat.lu/info_trafic/cameras/images/cccam_36.jpg\" height=\"119\" width=\"159\"><br><div class=\"titrepopup2\">Croix de Cessange</div><div class=\"localitepopup2\">Luxembourg</div></div>",
        "cam": 36,
        "titre": "Croix de Cessange",
        "localite": "Luxembourg",
        "label": "Camera 36-Croix de Cessange,Luxembourg"
    },
    {
        "lat": 49.4890227413265,
        "lng": 6.11741065979004,
        "html": "<div class=\"contenupopup\"><div title=\"Zoomer et centrer\" class=\"loupe\"><a href=\"javascript: centeretzoom(49.4890227413265,6.11741065979004)\"><img  src=\"/imagesite/loupe.jpg\" border=\"0\"></a></div><img src=\"http://www2.pch.etat.lu/info_trafic/cameras/images/cccam_66.jpg\" height=\"119\" width=\"159\"><br><div class=\"titrepopup2\">France</div><div class=\"localitepopup2\">Croix de Bettembourg</div></div>",
        "cam": 66,
        "titre": "France",
        "localite": "Croix de Bettembourg",
        "label": "Camera 66-France,Croix de Bettembourg"
    },
    {
        "lat": 49.5014406092533,
        "lng": 6.11513614654541,
        "html": "<div class=\"contenupopup\"><div title=\"Zoomer et centrer\" class=\"loupe\"><a href=\"javascript: centeretzoom(49.5014406092533,6.11513614654541)\"><img  src=\"/imagesite/loupe.jpg\" border=\"0\"></a></div><img src=\"http://www2.pch.etat.lu/info_trafic/cameras/images/cccam_63.jpg\" height=\"119\" width=\"159\"><br><div class=\"titrepopup2\">Croix de Bettembourg</div><div class=\"localitepopup2\">France</div></div>",
        "cam": 63,
        "titre": "Croix de Bettembourg",
        "localite": "France",
        "label": "Camera 63-Croix de Bettembourg,France"
    },
    {
        "lat": 49.5289131727974,
        "lng": 6.11376285552979,
        "html": "<div class=\"contenupopup\"><div title=\"Zoomer et centrer\" class=\"loupe\"><a href=\"javascript: centeretzoom(49.5289131727974,6.11376285552979)\"><img  src=\"/imagesite/loupe.jpg\" border=\"0\"></a></div><img src=\"http://www2.pch.etat.lu/info_trafic/cameras/images/cccam_59.jpg\" height=\"119\" width=\"159\"><br><div class=\"titrepopup2\">Bettembourg</div><div class=\"localitepopup2\">Croix de Bettembourg</div></div>",
        "cam": 59,
        "titre": "Bettembourg",
        "localite": "Croix de Bettembourg",
        "label": "Camera 59-Bettembourg,Croix de Bettembourg"
    },
    {
        "lat": 49.5364890954628,
        "lng": 6.11391305923462,
        "html": "<div class=\"contenupopup\"><div title=\"Zoomer et centrer\" class=\"loupe\"><a href=\"javascript: centeretzoom(49.5364890954628,6.11391305923462)\"><img  src=\"/imagesite/loupe.jpg\" border=\"0\"></a></div><img src=\"http://www2.pch.etat.lu/info_trafic/cameras/images/cccam_53.jpg\" height=\"119\" width=\"159\"><br><div class=\"titrepopup2\">Aire de Berchem</div><div class=\"localitepopup2\">Bettembourg</div></div>",
        "cam": 53,
        "titre": "Aire de Berchem",
        "localite": "Bettembourg",
        "label": "Camera 53-Aire de Berchem,Bettembourg"
    },
    {
        "lat": 49.5451916012645,
        "lng": 6.12206429243088,
        "html": "<div class=\"contenupopup\"><div title=\"Zoomer et centrer\" class=\"loupe\"><a href=\"javascript: centeretzoom(49.5451916012645,6.12206429243088)\"><img  src=\"/imagesite/loupe.jpg\" border=\"0\"></a></div><img src=\"http://www2.pch.etat.lu/info_trafic/cameras/images/cccam_51.jpg\" height=\"119\" width=\"159\"><br><div class=\"titrepopup2\">Aire de Berchem</div><div class=\"localitepopup2\">Croix de Gasperich</div></div>",
        "cam": 51,
        "titre": "Aire de Berchem",
        "localite": "Croix de Gasperich",
        "label": "Camera 51-Aire de Berchem,Croix de Gasperich"
    },
    {
        "lat": 49.533634336007,
        "lng": 6.11324787139893,
        "html": "<div class=\"contenupopup\"><div title=\"Zoomer et centrer\" class=\"loupe\"><a href=\"javascript: centeretzoom(49.533634336007,6.11324787139893)\"><img  src=\"/imagesite/loupe.jpg\" border=\"0\"></a></div><img src=\"http://www2.pch.etat.lu/info_trafic/cameras/images/cccam_55.jpg\" height=\"119\" width=\"159\"><br><div class=\"titrepopup2\">Croix de Gasperich</div><div class=\"localitepopup2\">Aire de Berchem</div></div>",
        "cam": 55,
        "titre": "Croix de Gasperich",
        "localite": "Aire de Berchem",
        "label": "Camera 55-Croix de Gasperich,Aire de Berchem"
    },
    {
        "lat": 49.5751581286668,
        "lng": 6.13346099853516,
        "html": "<div class=\"contenupopup\"><div title=\"Zoomer et centrer\" class=\"loupe\"><a href=\"javascript: centeretzoom(49.5751581286668,6.13346099853516)\"><img  src=\"/imagesite/loupe.jpg\" border=\"0\"></a></div><img src=\"http://www2.pch.etat.lu/info_trafic/cameras/images/cccam_47.jpg\" height=\"119\" width=\"159\"><br><div class=\"titrepopup2\">Croix de Gasperich</div><div class=\"localitepopup2\">Luxembourg</div></div>",
        "cam": 47,
        "titre": "Croix de Gasperich",
        "localite": "Luxembourg",
        "label": "Camera 47-Croix de Gasperich,Luxembourg"
    },
    {
        "lat": 49.7299096202412,
        "lng": 6.49489402770996,
        "html": "<div class=\"contenupopup\"><div title=\"Zoomer et centrer\" class=\"loupe\"><a href=\"javascript: centeretzoom(49.7299096202412,6.49489402770996)\"><img  src=\"/imagesite/loupe.jpg\" border=\"0\"></a></div><img src=\"http://www2.pch.etat.lu/info_trafic/cameras/images/cccam_119.jpg\" height=\"119\" width=\"159\"><br><div class=\"titrepopup2\">Mertert</div><div class=\"localitepopup2\">Aire de Wasserbillig</div></div>",
        "cam": 119,
        "titre": "Mertert",
        "localite": "Aire de Wasserbillig",
        "label": "Camera 119-Mertert,Aire de Wasserbillig"
    },
    {
        "lat": 49.6813193126217,
        "lng": 6.4030122756958,
        "html": "<div class=\"contenupopup\"><div title=\"Zoomer et centrer\" class=\"loupe\"><a href=\"javascript: centeretzoom(49.6813193126217,6.4030122756958)\"><img  src=\"/imagesite/loupe.jpg\" border=\"0\"></a></div><img src=\"http://www2.pch.etat.lu/info_trafic/cameras/images/cccam_114.jpg\" height=\"119\" width=\"159\"><br><div class=\"titrepopup2\">Mertert</div><div class=\"localitepopup2\">Potaschbierg</div></div>",
        "cam": 114,
        "titre": "Mertert",
        "localite": "Potaschbierg",
        "label": "Camera 114-Mertert,Potaschbierg"
    },
    {
        "lat": 49.6749045101864,
        "lng": 6.39266967773438,
        "html": "<div class=\"contenupopup\"><div title=\"Zoomer et centrer\" class=\"loupe\"><a href=\"javascript: centeretzoom(49.6749045101864,6.39266967773438)\"><img  src=\"/imagesite/loupe.jpg\" border=\"0\"></a></div><img src=\"http://www2.pch.etat.lu/info_trafic/cameras/images/cccam_112.jpg\" height=\"119\" width=\"159\"><br><div class=\"titrepopup2\">Potaschbierg</div><div class=\"localitepopup2\">Mertert</div></div>",
        "cam": 112,
        "titre": "Potaschbierg",
        "localite": "Mertert",
        "label": "Camera 112-Potaschbierg,Mertert"
    },
    {
        "lat": 49.6409419524273,
        "lng": 6.22759580612183,
        "html": "<div class=\"contenupopup\"><div title=\"Zoomer et centrer\" class=\"loupe\"><a href=\"javascript: centeretzoom(49.6409419524273,6.22759580612183)\"><img  src=\"/imagesite/loupe.jpg\" border=\"0\"></a></div><img src=\"http://www2.pch.etat.lu/info_trafic/cameras/images/cccam_101.jpg\" height=\"119\" width=\"159\"><br><div class=\"titrepopup2\">Senningerberg</div><div class=\"localitepopup2\">Cargo Center</div></div>",
        "cam": 101,
        "titre": "Senningerberg",
        "localite": "Cargo Center",
        "label": "Camera 101-Senningerberg,Cargo Center"
    },
    {
        "lat": 49.6205304499093,
        "lng": 6.1790344119072,
        "html": "<div class=\"contenupopup\"><div title=\"Zoomer et centrer\" class=\"loupe\"><a href=\"javascript: centeretzoom(49.6205304499093,6.1790344119072)\"><img  src=\"/imagesite/loupe.jpg\" border=\"0\"></a></div><img src=\"http://www2.pch.etat.lu/info_trafic/cameras/images/cccam_91.jpg\" height=\"119\" width=\"159\"><br><div class=\"titrepopup2\">Kirchberg</div><div class=\"localitepopup2\">Tunnel Cents</div></div>",
        "cam": 91,
        "titre": "Kirchberg",
        "localite": "Tunnel Cents",
        "label": "Camera 91-Kirchberg,Tunnel Cents"
    },
    {
        "lat": 49.6168760117652,
        "lng": 6.17926239967346,
        "html": "<div class=\"contenupopup\"><div title=\"Zoomer et centrer\" class=\"loupe\"><a href=\"javascript: centeretzoom(49.6168760117652,6.17926239967346)\"><img  src=\"/imagesite/loupe.jpg\" border=\"0\"></a></div><img src=\"http://www2.pch.etat.lu/info_trafic/cameras/images/cccam_86.jpg\" height=\"119\" width=\"159\"><br><div class=\"titrepopup2\">Sandweiler</div><div class=\"localitepopup2\">Tunnel Cents</div></div>",
        "cam": 86,
        "titre": "Sandweiler",
        "localite": "Tunnel Cents",
        "label": "Camera 86-Sandweiler,Tunnel Cents"
    },
    {
        "lat": 49.5976105259433,
        "lng": 6.17277145385742,
        "html": "<div class=\"contenupopup\"><div title=\"Zoomer et centrer\" class=\"loupe\"><a href=\"javascript: centeretzoom(49.5976105259433,6.17277145385742)\"><img  src=\"/imagesite/loupe.jpg\" border=\"0\"></a></div><img src=\"http://www2.pch.etat.lu/info_trafic/cameras/images/cccam_84.jpg\" height=\"119\" width=\"159\"><br><div class=\"titrepopup2\">Tunnel Howald</div><div class=\"localitepopup2\">Sandweiler</div></div>",
        "cam": 84,
        "titre": "Tunnel Howald",
        "localite": "Sandweiler",
        "label": "Camera 84-Tunnel Howald,Sandweiler"
    },
    {
        "lat": 49.5801948192724,
        "lng": 6.15406036376953,
        "html": "<div class=\"contenupopup\"><div title=\"Zoomer et centrer\" class=\"loupe\"><a href=\"javascript: centeretzoom(49.5801948192724,6.15406036376953)\"><img  src=\"/imagesite/loupe.jpg\" border=\"0\"></a></div><img src=\"http://www2.pch.etat.lu/info_trafic/cameras/images/cccam_77.jpg\" height=\"119\" width=\"159\"><br><div class=\"titrepopup2\">Sandweiler</div><div class=\"localitepopup2\">Tunnel Howald</div></div>",
        "cam": 77,
        "titre": "Sandweiler",
        "localite": "Tunnel Howald",
        "label": "Camera 77-Sandweiler,Tunnel Howald"
    },
    {
        "lat": 49.5748241860532,
        "lng": 6.13436222076416,
        "html": "<div class=\"contenupopup\"><div title=\"Zoomer et centrer\" class=\"loupe\"><a href=\"javascript: centeretzoom(49.5748241860532,6.13436222076416)\"><img  src=\"/imagesite/loupe.jpg\" border=\"0\"></a></div><img src=\"http://www2.pch.etat.lu/info_trafic/cameras/images/cccam_70.jpg\" height=\"119\" width=\"159\"><br><div class=\"titrepopup2\">Croix de Gasperich</div><div class=\"localitepopup2\">Tunnel Howald</div></div>",
        "cam": 70,
        "titre": "Croix de Gasperich",
        "localite": "Tunnel Howald",
        "label": "Camera 70-Croix de Gasperich,Tunnel Howald"
    },
    {
        "lat": 49.6229162000762,
        "lng": 6.08222544193268,
        "html": "<div class=\"contenupopup\"><div title=\"Zoomer et centrer\" class=\"loupe\"><a href=\"javascript: centeretzoom(49.6229162000762,6.08222544193268)\"><img  src=\"/imagesite/loupe.jpg\" border=\"0\"></a></div><img src=\"http://www2.pch.etat.lu/info_trafic/cameras/images/cccam_21.jpg\" height=\"119\" width=\"159\"><br><div class=\"titrepopup2\">Bridel</div><div class=\"localitepopup2\">Strassen</div></div>",
        "cam": 21,
        "titre": "Bridel",
        "localite": "Strassen",
        "label": "Camera 21-Bridel,Strassen"
    },
    {
        "lat": 49.4774940220656,
        "lng": 6.36204957962036,
        "html": "<div class=\"contenupopup\"><div title=\"Zoomer et centrer\" class=\"loupe\"><a href=\"javascript: centeretzoom(49.4774940220656,6.36204957962036)\"><img  src=\"/imagesite/loupe.jpg\" border=\"0\"></a></div><img src=\"http://www2.pch.etat.lu/info_trafic/cameras/images/cccam_269.jpg\" height=\"119\" width=\"159\"><br><div class=\"titrepopup2\">Schengen</div><div class=\"localitepopup2\">Tunnel Markusbierg</div></div>",
        "cam": 269,
        "titre": "Schengen",
        "localite": "Tunnel Markusbierg",
        "label": "Camera 269-Schengen,Tunnel Markusbierg"
    },
    {
        "lat": 49.7066647742669,
        "lng": 6.12813949584961,
        "html": "<div class=\"contenupopup\"><div title=\"Zoomer et centrer\" class=\"loupe\"><a href=\"javascript: centeretzoom(49.7066647742669,6.12813949584961)\"><img  src=\"/imagesite/loupe.jpg\" border=\"0\"></a></div><img src=\"http://www2.pch.etat.lu/info_trafic/cameras/images/cccam_400.jpg\" height=\"119\" width=\"159\"><br><div class=\"titrepopup2\">Viaduc Alzette</div><div class=\"localitepopup2\">Lorentzweiler</div></div>",
        "cam": 400,
        "titre": "Viaduc Alzette",
        "localite": "Lorentzweiler",
        "label": "Camera 400-Viaduc Alzette,Lorentzweiler"
    },
    {
        "lat": 49.7212608685513,
        "lng": 6.10771179199219,
        "html": "<div class=\"contenupopup\"><div title=\"Zoomer et centrer\" class=\"loupe\"><a href=\"javascript: centeretzoom(49.7212608685513,6.10771179199219)\"><img  src=\"/imagesite/loupe.jpg\" border=\"0\"></a></div><img src=\"http://www2.pch.etat.lu/info_trafic/cameras/images/cccam_402.jpg\" height=\"119\" width=\"159\"><br><div class=\"titrepopup2\">Tunnel Gousselerberg</div><div class=\"localitepopup2\">Viaduc Alzette</div></div>",
        "cam": 402,
        "titre": "Tunnel Gousselerberg",
        "localite": "Viaduc Alzette",
        "label": "Camera 402-Tunnel Gousselerberg,Viaduc Alzette"
    },
    {
        "lat": 49.7168769513543,
        "lng": 6.109299659729,
        "html": "<div class=\"contenupopup\"><div title=\"Zoomer et centrer\" class=\"loupe\"><a href=\"javascript: centeretzoom(49.7168769513543,6.109299659729)\"><img  src=\"/imagesite/loupe.jpg\" border=\"0\"></a></div><img src=\"http://www2.pch.etat.lu/info_trafic/cameras/images/cccam_403.jpg\" height=\"119\" width=\"159\"><br><div class=\"titrepopup2\">Viaduc Alzette</div><div class=\"localitepopup2\">Tunnel Gousselerberg</div></div>",
        "cam": 403,
        "titre": "Viaduc Alzette",
        "localite": "Tunnel Gousselerberg",
        "label": "Camera 403-Viaduc Alzette,Tunnel Gousselerberg"
    },
    {
        "lat": 49.7360536671248,
        "lng": 6.0982221364975,
        "html": "<div class=\"contenupopup\"><div title=\"Zoomer et centrer\" class=\"loupe\"><a href=\"javascript: centeretzoom(49.7360536671248,6.0982221364975)\"><img  src=\"/imagesite/loupe.jpg\" border=\"0\"></a></div><img src=\"http://www2.pch.etat.lu/info_trafic/cameras/images/cccam_444.jpg\" height=\"119\" width=\"159\"><br><div class=\"titrepopup2\">Kannerduerf</div><div class=\"localitepopup2\">Tunnel Gousselerberg</div></div>",
        "cam": 444,
        "titre": "Kannerduerf",
        "localite": "Tunnel Gousselerberg",
        "label": "Camera 444-Kannerduerf,Tunnel Gousselerberg"
    },
    {
        "lat": 49.7447829782765,
        "lng": 6.09073340892792,
        "html": "<div class=\"contenupopup\"><div title=\"Zoomer et centrer\" class=\"loupe\"><a href=\"javascript: centeretzoom(49.7447829782765,6.09073340892792)\"><img  src=\"/imagesite/loupe.jpg\" border=\"0\"></a></div><img src=\"http://www2.pch.etat.lu/info_trafic/cameras/images/cccam_445.jpg\" height=\"119\" width=\"159\"><br><div class=\"titrepopup2\">Kannerduerf</div><div class=\"localitepopup2\">Tunnel Mersch</div></div>",
        "cam": 445,
        "titre": "Kannerduerf",
        "localite": "Tunnel Mersch",
        "label": "Camera 445-Kannerduerf,Tunnel Mersch"
    },
    {
        "lat": 49.774810486101,
        "lng": 6.08552992343903,
        "html": "<div class=\"contenupopup\"><div title=\"Zoomer et centrer\" class=\"loupe\"><a href=\"javascript: centeretzoom(49.774810486101,6.08552992343903)\"><img  src=\"/imagesite/loupe.jpg\" border=\"0\"></a></div><img src=\"http://www2.pch.etat.lu/info_trafic/cameras/images/cccam_455.jpg\" height=\"119\" width=\"159\"><br><div class=\"titrepopup2\">Reckange</div><div class=\"localitepopup2\">Tunnel Mersch</div></div>",
        "cam": 455,
        "titre": "Reckange",
        "localite": "Tunnel Mersch",
        "label": "Camera 455-Reckange,Tunnel Mersch"
    },
    {
        "lat": 49.8144501716126,
        "lng": 6.10050201416016,
        "html": "<div class=\"contenupopup\"><div title=\"Zoomer et centrer\" class=\"loupe\"><a href=\"javascript: centeretzoom(49.8144501716126,6.10050201416016)\"><img  src=\"/imagesite/loupe.jpg\" border=\"0\"></a></div><img src=\"http://www2.pch.etat.lu/info_trafic/cameras/images/cccam_458.jpg\" height=\"119\" width=\"159\"><br><div class=\"titrepopup2\">Merscherberg</div><div class=\"localitepopup2\">Colmar</div></div>",
        "cam": 458,
        "titre": "Merscherberg",
        "localite": "Colmar",
        "label": "Camera 458-Merscherberg,Colmar"
    },
    {
        "lat": 49.8446247895776,
        "lng": 6.10925674438477,
        "html": "<div class=\"contenupopup\"><div title=\"Zoomer et centrer\" class=\"loupe\"><a href=\"javascript: centeretzoom(49.8446247895776,6.10925674438477)\"><img  src=\"/imagesite/loupe.jpg\" border=\"0\"></a></div><img src=\"http://www2.pch.etat.lu/info_trafic/cameras/images/cccam_466.jpg\" height=\"119\" width=\"159\"><br><div class=\"titrepopup2\">Colmar</div><div class=\"localitepopup2\">Merscherberg</div></div>",
        "cam": 466,
        "titre": "Colmar",
        "localite": "Merscherberg",
        "label": "Camera 466-Colmar,Merscherberg"
    },
    {
        "lat": 49.8460084948185,
        "lng": 6.11397743225098,
        "html": "<div class=\"contenupopup\"><div title=\"Zoomer et centrer\" class=\"loupe\"><a href=\"javascript: centeretzoom(49.8460084948185,6.11397743225098)\"><img  src=\"/imagesite/loupe.jpg\" border=\"0\"></a></div><img src=\"http://www2.pch.etat.lu/info_trafic/cameras/images/cccam_471.jpg\" height=\"119\" width=\"159\"><br><div class=\"titrepopup2\">Schieren</div><div class=\"localitepopup2\">Colmar</div></div>",
        "cam": 471,
        "titre": "Schieren",
        "localite": "Colmar",
        "label": "Camera 471-Schieren,Colmar"
    },
    {
        "lat": 49.6383781718129,
        "lng": 6.18475019931793,
        "html": "<div class=\"contenupopup\"><div title=\"Zoomer et centrer\" class=\"loupe\"><a href=\"javascript: centeretzoom(49.6383781718129,6.18475019931793)\"><img  src=\"/imagesite/loupe.jpg\" border=\"0\"></a></div><img src=\"http://www2.pch.etat.lu/info_trafic/cameras/images/cccam_95.jpg\" height=\"119\" width=\"159\"><br><div class=\"titrepopup2\">Jonction Gr\u00b8newald</div><div class=\"localitepopup2\">Kirchberg</div></div>",
        "cam": 95,
        "titre": "Jonction Gr\u00b8newald",
        "localite": "Kirchberg",
        "label": "Camera 95-Jonction Gr\u00b8newald,Kirchberg"
    },
    {
        "lat": 49.6415255584211,
        "lng": 6.19416475296021,
        "html": "<div class=\"contenupopup\"><div title=\"Zoomer et centrer\" class=\"loupe\"><a href=\"javascript: centeretzoom(49.6415255584211,6.19416475296021)\"><img  src=\"/imagesite/loupe.jpg\" border=\"0\"></a></div><img src=\"http://www2.pch.etat.lu/info_trafic/cameras/images/cccam_98.jpg\" height=\"119\" width=\"159\"><br><div class=\"titrepopup2\">Senningerberg</div><div class=\"localitepopup2\">Jonction Gr\u00b8newald</div></div>",
        "cam": 98,
        "titre": "Senningerberg",
        "localite": "Jonction Gr\u00b8newald",
        "label": "Camera 98-Senningerberg,Jonction Gr\u00b8newald"
    },
    {
        "lat": 49.6423870592465,
        "lng": 6.20438933372498,
        "html": "<div class=\"contenupopup\"><div title=\"Zoomer et centrer\" class=\"loupe\"><a href=\"javascript: centeretzoom(49.6423870592465,6.20438933372498)\"><img  src=\"/imagesite/loupe.jpg\" border=\"0\"></a></div><img src=\"http://www2.pch.etat.lu/info_trafic/cameras/images/cccam_100.jpg\" height=\"119\" width=\"159\"><br><div class=\"titrepopup2\">Jonction Gr\u00b8newald</div><div class=\"localitepopup2\">Senningerberg</div></div>",
        "cam": 100,
        "titre": "Jonction Gr\u00b8newald",
        "localite": "Senningerberg",
        "label": "Camera 100-Jonction Gr\u00b8newald,Senningerberg"
    },
    {
        "lat": 49.6410114296981,
        "lng": 6.26605868339539,
        "html": "<div class=\"contenupopup\"><div title=\"Zoomer et centrer\" class=\"loupe\"><a href=\"javascript: centeretzoom(49.6410114296981,6.26605868339539)\"><img  src=\"/imagesite/loupe.jpg\" border=\"0\"></a></div><img src=\"http://www2.pch.etat.lu/info_trafic/cameras/images/cccam_103.jpg\" height=\"119\" width=\"159\"><br><div class=\"titrepopup2\">Cargo Center</div><div class=\"localitepopup2\">M\u00b8nsbach</div></div>",
        "cam": 103,
        "titre": "Cargo Center",
        "localite": "M\u00b8nsbach",
        "label": "Camera 103-Cargo Center,M\u00b8nsbach"
    },
    {
        "lat": 49.6415672442958,
        "lng": 6.27085447311401,
        "html": "<div class=\"contenupopup\"><div title=\"Zoomer et centrer\" class=\"loupe\"><a href=\"javascript: centeretzoom(49.6415672442958,6.27085447311401)\"><img  src=\"/imagesite/loupe.jpg\" border=\"0\"></a></div><img src=\"http://www2.pch.etat.lu/info_trafic/cameras/images/cccam_109.jpg\" height=\"119\" width=\"159\"><br><div class=\"titrepopup2\">M\u00b8nsbach</div><div class=\"localitepopup2\">Cargo Center</div></div>",
        "cam": 109,
        "titre": "M\u00b8nsbach",
        "localite": "Cargo Center",
        "label": "Camera 109-M\u00b8nsbach,Cargo Center"
    },
    {
        "lat": 49.6419563107392,
        "lng": 6.27113342285156,
        "html": "<div class=\"contenupopup\"><div title=\"Zoomer et centrer\" class=\"loupe\"><a href=\"javascript: centeretzoom(49.6419563107392,6.27113342285156)\"><img  src=\"/imagesite/loupe.jpg\" border=\"0\"></a></div><img src=\"http://www2.pch.etat.lu/info_trafic/cameras/images/cccam_110.jpg\" height=\"119\" width=\"159\"><br><div class=\"titrepopup2\">M\u00b8nsbach</div><div class=\"localitepopup2\">Flaxweiler</div></div>",
        "cam": 110,
        "titre": "M\u00b8nsbach",
        "localite": "Flaxweiler",
        "label": "Camera 110-M\u00b8nsbach,Flaxweiler"
    },
    {
        "lat": 49.6617112399965,
        "lng": 6.35134220123291,
        "html": "<div class=\"contenupopup\"><div title=\"Zoomer et centrer\" class=\"loupe\"><a href=\"javascript: centeretzoom(49.6617112399965,6.35134220123291)\"><img  src=\"/imagesite/loupe.jpg\" border=\"0\"></a></div><img src=\"http://www2.pch.etat.lu/info_trafic/cameras/images/cccam_111.jpg\" height=\"119\" width=\"159\"><br><div class=\"titrepopup2\">Flaxweiler</div><div class=\"localitepopup2\">M\u00b8nsbach</div></div>",
        "cam": 111,
        "titre": "Flaxweiler",
        "localite": "M\u00b8nsbach",
        "label": "Camera 111-Flaxweiler,M\u00b8nsbach"
    },
    {
        "lat": 49.5405133267832,
        "lng": 5.92175960540771,
        "html": "<div class=\"contenupopup\"><div title=\"Zoomer et centrer\" class=\"loupe\"><a href=\"javascript: centeretzoom(49.5405133267832,5.92175960540771)\"><img  src=\"/imagesite/loupe.jpg\" border=\"0\"></a></div><img src=\"http://www2.pch.etat.lu/info_trafic/cameras/images/cccam_143.jpg\" height=\"119\" width=\"159\"><br><div class=\"titrepopup2\">Sanem</div><div class=\"localitepopup2\">P\u00c8tange</div></div>",
        "cam": 143,
        "titre": "Sanem",
        "localite": "P\u00c8tange",
        "label": "Camera 143-Sanem,P\u00c8tange"
    }],
	"lines": [
     {"colour":"#0000FF", "width":2, 
	 "points":[ {"lat":49.4763228757454, "lng": 6.35893821716309 },
                {"lat": 49.4751517014194, "lng": 6.3585090637207 },
                {"lat": 49.4812861132237, "lng": 6.33898258209229 }
             ]
     }
   ]
}
